site_id,common_name,2014,2015,2016,2017
ACUN,adelie penguin,2771.1,2771.1,2771.1,2771.1
ACUN,chinstrap penguin,4300.0,4300.0,4300.0,4300.0
ADAM,adelie penguin,68.4,68.4,68.4,68.4
ADAR,adelie penguin,385664.4,385664.4,385664.4,385664.4
AILS,chinstrap penguin,6450.0,6450.0,6450.0,6450.0
AITC,chinstrap penguin,4350.525,4350.525,4350.525,4350.525
AITC,gentoo penguin,2378.975,2378.975,2378.975,2378.975
AITK,chinstrap penguin,3547.5,3547.5,3547.5,3547.5
AKAR,adelie penguin,95.4,95.4,95.4,95.4
ALAS,adelie penguin,972.0,972.0,972.0,972.0
ALCO,chinstrap penguin,1182.5,1182.5,1182.5,1182.5
ALMI,gentoo penguin,211.77499999999998,211.77499999999998,211.77499999999998,211.77499999999998
AMBU,adelie penguin,15858.9,15858.9,15858.9,15858.9
AMPH,adelie penguin,6894.0,6894.0,6894.0,6894.0
AMPH,chinstrap penguin,4300.0,4300.0,4300.0,4300.0
ANCH,adelie penguin,1397.7,1397.7,1397.7,1397.7
ANDE,chinstrap penguin,107.5,107.5,107.5,107.5
ANDI,adelie penguin,252.9,252.9,252.9,252.9
ANDR,adelie penguin,1025.1000000000001,1025.1000000000001,1025.1000000000001,1025.1000000000001
ANDS,adelie penguin,4500.0,4500.0,4500.0,4500.0
ANNE,adelie penguin,469.8,469.8,469.8,469.8
ANVS,chinstrap penguin,2.15,2.15,2.15,2.15
ARDL,adelie penguin,300.6,300.6,300.6,300.6
ARDL,chinstrap penguin,9.674999999999999,9.674999999999999,9.674999999999999,9.674999999999999
ARDL,gentoo penguin,4982.625,4982.625,4982.625,4982.625
ARMS,chinstrap penguin,1.075,1.075,1.075,1.075
ARTH,adelie penguin,13014.9,13014.9,13014.9,13014.9
ASPL,chinstrap penguin,9298.75,9298.75,9298.75,9298.75
ASTR,chinstrap penguin,3655.0,3655.0,3655.0,3655.0
AUST,adelie penguin,1873.8,1873.8,1873.8,1873.8
AVIA,adelie penguin,69763.5,69763.5,69763.5,69763.5
BACH,chinstrap penguin,247.25,247.25,247.25,247.25
BACK,adelie penguin,418.5,418.5,418.5,418.5
BAIL,chinstrap penguin,54188.6,54188.6,54188.6,54188.6
BALA,adelie penguin,144.0,144.0,144.0,144.0
BARC,adelie penguin,189.9,189.9,189.9,189.9
BARN,chinstrap penguin,13975.0,13975.0,13975.0,13975.0
BARN,gentoo penguin,645.0,645.0,645.0,645.0
BART,chinstrap penguin,3393.7749999999996,3393.7749999999996,3393.7749999999996,3393.7749999999996
BART,gentoo penguin,2556.35,2556.35,2556.35,2556.35
BATT,adelie penguin,27671.4,27671.4,27671.4,27671.4
BEAG,adelie penguin,87202.8,87202.8,87202.8,87202.8
BEAN,adelie penguin,890.1,890.1,890.1,890.1
BEAU,adelie penguin,63421.200000000004,63421.200000000004,63421.200000000004,63421.200000000004
BEAV,chinstrap penguin,107.5,107.5,107.5,107.5
BECH,adelie penguin,1986.3,1986.3,1986.3,1986.3
BELI,chinstrap penguin,26.875,26.875,26.875,26.875
BELL,chinstrap penguin,3519.5499999999997,3519.5499999999997,3519.5499999999997,3519.5499999999997
BELS,chinstrap penguin,7525.0,7525.0,7525.0,7525.0
BENE,gentoo penguin,758.9499999999999,758.9499999999999,758.9499999999999,758.9499999999999
BENN,chinstrap penguin,7793.75,7793.75,7793.75,7793.75
BERK,adelie penguin,12080.7,12080.7,12080.7,12080.7
BERN,gentoo penguin,0.0,0.0,0.0,0.0
BERT,adelie penguin,281.7,281.7,281.7,281.7
BIEN,adelie penguin,31919.4,31919.4,31919.4,31919.4
BISC,adelie penguin,469.8,469.8,469.8,469.8
BISC,gentoo penguin,3436.7749999999996,3436.7749999999996,3436.7749999999996,3436.7749999999996
BLAK,chinstrap penguin,10.75,10.75,10.75,10.75
BOLI,adelie penguin,418.5,418.5,418.5,418.5
BONG,adelie penguin,2055.6,2055.6,2055.6,2055.6
BOWL,adelie penguin,355.5,355.5,355.5,355.5
BOWL,chinstrap penguin,35475.0,35475.0,35475.0,35475.0
BOYE,chinstrap penguin,252.625,252.625,252.625,252.625
BRAS,adelie penguin,149470.2,149470.2,149470.2,149470.2
BRAT,adelie penguin,4733.1,4733.1,4733.1,4733.1
BRDM,adelie penguin,3908.7000000000003,3908.7000000000003,3908.7000000000003,3908.7000000000003
BRDN,adelie penguin,41014.8,41014.8,41014.8,41014.8
BRDS,adelie penguin,15087.6,15087.6,15087.6,15087.6
BRIM,chinstrap penguin,13996.5,13996.5,13996.5,13996.5
BRIT,chinstrap penguin,5805.0,5805.0,5805.0,5805.0
BRIT,gentoo penguin,430.0,430.0,430.0,430.0
BRIW,chinstrap penguin,12421.625,12421.625,12421.625,12421.625
BROW,adelie penguin,22500.0,22500.0,22500.0,22500.0
BROW,gentoo penguin,155.875,155.875,155.875,155.875
BRPW,chinstrap penguin,4439.75,4439.75,4439.75,4439.75
BRUC,chinstrap penguin,5375.0,5375.0,5375.0,5375.0
BRYE,gentoo penguin,512.775,512.775,512.775,512.775
BRYS,gentoo penguin,881.5,881.5,881.5,881.5
BSON,adelie penguin,14365.800000000001,14365.800000000001,14365.800000000001,14365.800000000001
BUCH,chinstrap penguin,6987.5,6987.5,6987.5,6987.5
BUCK,adelie penguin,249.3,249.3,249.3,249.3
BURK,adelie penguin,1088.1000000000001,1088.1000000000001,1088.1000000000001,1088.1000000000001
BUSK,chinstrap penguin,430.0,430.0,430.0,430.0
BYER,chinstrap penguin,3.2249999999999996,3.2249999999999996,3.2249999999999996,3.2249999999999996
CARL,chinstrap penguin,1.075,1.075,1.075,1.075
CARO,chinstrap penguin,5912.5,5912.5,5912.5,5912.5
CASY,chinstrap penguin,32.25,32.25,32.25,32.25
CBAR,adelie penguin,0.0,0.0,0.0,0.0
CBAY,adelie penguin,85.5,85.5,85.5,85.5
CCMP,chinstrap penguin,26316.0,26316.0,26316.0,26316.0
CDAV,adelie penguin,503.1,503.1,503.1,503.1
CECI,chinstrap penguin,15.049999999999999,15.049999999999999,15.049999999999999,15.049999999999999
CHAB,chinstrap penguin,1853.3,1853.3,1853.3,1853.3
CHAL,adelie penguin,42452.1,42452.1,42452.1,42452.1
CHAP,adelie penguin,4137.3,4137.3,4137.3,4137.3
CHAR,adelie penguin,25.2,25.2,25.2,25.2
CHAT,adelie penguin,121.5,121.5,121.5,121.5
CHEA,chinstrap penguin,24187.5,24187.5,24187.5,24187.5
CHEC,chinstrap penguin,2365.0,2365.0,2365.0,2365.0
CHI1,adelie penguin,450.0,450.0,450.0,450.0
CHI2,adelie penguin,4500.0,4500.0,4500.0,4500.0
CHI3,adelie penguin,450.0,450.0,450.0,450.0
CHIC,adelie penguin,427.5,427.5,427.5,427.5
CHII,adelie penguin,2782.8,2782.8,2782.8,2782.8
CHIN,chinstrap penguin,22253.575,22253.575,22253.575,22253.575
CHIS,adelie penguin,1035.9,1035.9,1035.9,1035.9
CHNE,chinstrap penguin,483.75,483.75,483.75,483.75
CHPT,chinstrap penguin,10.75,10.75,10.75,10.75
CHPT,gentoo penguin,854.625,854.625,854.625,854.625
CHRI,gentoo penguin,348.3,348.3,348.3,348.3
CHSE,chinstrap penguin,698.75,698.75,698.75,698.75
CHUN,adelie penguin,6938.1,6938.1,6938.1,6938.1
CIER,gentoo penguin,2881.0,2881.0,2881.0,2881.0
CIPT,chinstrap penguin,1026.625,1026.625,1026.625,1026.625
CLAR,adelie penguin,289.8,289.8,289.8,289.8
CLIN,chinstrap penguin,763.25,763.25,763.25,763.25
CLPT,chinstrap penguin,204.25,204.25,204.25,204.25
CMEL,chinstrap penguin,10717.75,10717.75,10717.75,10717.75
CMID,adelie penguin,8350.2,8350.2,8350.2,8350.2
CMUR,chinstrap penguin,0.0,0.0,0.0,0.0
CNOR,adelie penguin,2475.9,2475.9,2475.9,2475.9
COBA,chinstrap penguin,491.275,491.275,491.275,491.275
COCK,adelie penguin,14148.9,14148.9,14148.9,14148.9
COFF,chinstrap penguin,2257.5,2257.5,2257.5,2257.5
COLB,adelie penguin,862.2,862.2,862.2,862.2
CONE,adelie penguin,2745.9,2745.9,2745.9,2745.9
CONE,chinstrap penguin,2.15,2.15,2.15,2.15
CONF,chinstrap penguin,8316.199999999999,8316.199999999999,8316.199999999999,8316.199999999999
CONI,adelie penguin,115.2,115.2,115.2,115.2
CONW,gentoo penguin,430.0,430.0,430.0,430.0
CORI,chinstrap penguin,118.25,118.25,118.25,118.25
CORM,adelie penguin,623.7,623.7,623.7,623.7
CORN,adelie penguin,360.90000000000003,360.90000000000003,360.90000000000003,360.90000000000003
CORP,adelie penguin,86.4,86.4,86.4,86.4
COTT,adelie penguin,44278.200000000004,44278.200000000004,44278.200000000004,44278.200000000004
CPTW,chinstrap penguin,301.0,301.0,301.0,301.0
CRAB,chinstrap penguin,4461.25,4461.25,4461.25,4461.25
CRAG,chinstrap penguin,1290.0,1290.0,1290.0,1290.0
CRBA,chinstrap penguin,876.125,876.125,876.125,876.125
CROB,chinstrap penguin,34400.0,34400.0,34400.0,34400.0
CROW,chinstrap penguin,2150.0,2150.0,2150.0,2150.0
CROZ,adelie penguin,252708.30000000002,252708.30000000002,252708.30000000002,252708.30000000002
CRUZ,adelie penguin,203.4,203.4,203.4,203.4
CRWL,chinstrap penguin,2365.0,2365.0,2365.0,2365.0
CSOU,adelie penguin,22452.3,22452.3,22452.3,22452.3
CURZ,adelie penguin,13224.6,13224.6,13224.6,13224.6
CUVE,chinstrap penguin,1.075,1.075,1.075,1.075
CUVE,gentoo penguin,7532.525,7532.525,7532.525,7532.525
CVIK,chinstrap penguin,8600.0,8600.0,8600.0,8600.0
DAMO,gentoo penguin,2471.4249999999997,2471.4249999999997,2471.4249999999997,2471.4249999999997
DANC,gentoo penguin,2986.35,2986.35,2986.35,2986.35
DARB,adelie penguin,291.6,291.6,291.6,291.6
DARW,adelie penguin,6677.1,6677.1,6677.1,6677.1
DARX,adelie penguin,0.0,0.0,0.0,0.0
DAVE,chinstrap penguin,602.0,602.0,602.0,602.0
DAVI,adelie penguin,7576.2,7576.2,7576.2,7576.2
DECI,chinstrap penguin,215.0,215.0,215.0,215.0
DEEI,adelie penguin,0.0,0.0,0.0,0.0
DEEI,chinstrap penguin,0.0,0.0,0.0,0.0
DELA,chinstrap penguin,145.125,145.125,145.125,145.125
DEMA,chinstrap penguin,233.27499999999998,233.27499999999998,233.27499999999998,233.27499999999998
DENI,adelie penguin,12450.6,12450.6,12450.6,12450.6
DESC,adelie penguin,0.0,0.0,0.0,0.0
DETA,adelie penguin,387.0,387.0,387.0,387.0
DEVI,adelie penguin,13212.9,13212.9,13212.9,13212.9
DOBE,gentoo penguin,207.475,207.475,207.475,207.475
DOME,adelie penguin,144.9,144.9,144.9,144.9
DOU1,adelie penguin,45.0,45.0,45.0,45.0
DOU2,adelie penguin,450.0,450.0,450.0,450.0
DOWN,adelie penguin,32076.0,32076.0,32076.0,32076.0
DREA,adelie penguin,1698.3,1698.3,1698.3,1698.3
DREA,chinstrap penguin,146.2,146.2,146.2,146.2
DREW,chinstrap penguin,50.525,50.525,50.525,50.525
DUKE,adelie penguin,7693.2,7693.2,7693.2,7693.2
DUND,gentoo penguin,43.0,43.0,43.0,43.0
DUPT,chinstrap penguin,23.65,23.65,23.65,23.65
DUPT,gentoo penguin,312.825,312.825,312.825,312.825
DURO,adelie penguin,720.0,720.0,720.0,720.0
DURO,chinstrap penguin,10105.0,10105.0,10105.0,10105.0
DURO,gentoo penguin,0.0,0.0,0.0,0.0
DURV,adelie penguin,26253.0,26253.0,26253.0,26253.0
DUTH,adelie penguin,0.9,0.9,0.9,0.9
EADI,chinstrap penguin,5536.25,5536.25,5536.25,5536.25
EARL,adelie penguin,21284.100000000002,21284.100000000002,21284.100000000002,21284.100000000002
ECAP,chinstrap penguin,1935.0,1935.0,1935.0,1935.0
ECKE,chinstrap penguin,44.074999999999996,44.074999999999996,44.074999999999996,44.074999999999996
EDEN,adelie penguin,40836.6,40836.6,40836.6,40836.6
EDMO,adelie penguin,2428.2000000000003,2428.2000000000003,2428.2000000000003,2428.2000000000003
EDWI,adelie penguin,52252.200000000004,52252.200000000004,52252.200000000004,52252.200000000004
EIP0,chinstrap penguin,268.75,268.75,268.75,268.75
EIP1,chinstrap penguin,1612.5,1612.5,1612.5,1612.5
EIP2,chinstrap penguin,1075.0,1075.0,1075.0,1075.0
EIP3,chinstrap penguin,483.75,483.75,483.75,483.75
EIP4,chinstrap penguin,53.75,53.75,53.75,53.75
EIP5,chinstrap penguin,21.5,21.5,21.5,21.5
ELLI,chinstrap penguin,23005.0,23005.0,23005.0,23005.0
ELPT,gentoo penguin,430.0,430.0,430.0,430.0
EMPE,adelie penguin,630.0,630.0,630.0,630.0
EMPE,chinstrap penguin,1.075,1.075,1.075,1.075
ENTR,chinstrap penguin,780.4499999999999,780.4499999999999,780.4499999999999,780.4499999999999
ENTW,chinstrap penguin,915.9,915.9,915.9,915.9
ETNA,adelie penguin,203.4,203.4,203.4,203.4
EVEN,adelie penguin,146.70000000000002,146.70000000000002,146.70000000000002,146.70000000000002
EVER,adelie penguin,190.8,190.8,190.8,190.8
FARE,chinstrap penguin,89.225,89.225,89.225,89.225
FARI,chinstrap penguin,5375.0,5375.0,5375.0,5375.0
FBER,adelie penguin,307.8,307.8,307.8,307.8
FERG,chinstrap penguin,7976.5,7976.5,7976.5,7976.5
FERR,adelie penguin,32272.2,32272.2,32272.2,32272.2
FERR,chinstrap penguin,15265.0,15265.0,15265.0,15265.0
FERR,gentoo penguin,0.0,0.0,0.0,0.0
FISH,adelie penguin,820.8000000000001,820.8000000000001,820.8000000000001,820.8000000000001
FITC,adelie penguin,0.0,0.0,0.0,0.0
FITC,chinstrap penguin,1290.0,1290.0,1290.0,1290.0
FIZK,adelie penguin,101.7,101.7,101.7,101.7
FLIE,adelie penguin,69.3,69.3,69.3,69.3
FLOR,chinstrap penguin,537.5,537.5,537.5,537.5
FORB,adelie penguin,925.2,925.2,925.2,925.2
FORT,chinstrap penguin,1056.725,1056.725,1056.725,1056.725
FORT,gentoo penguin,774.0,774.0,774.0,774.0
FRAE,adelie penguin,891.9,891.9,891.9,891.9
FRAM,adelie penguin,790.2,790.2,790.2,790.2
FRAW,adelie penguin,37205.1,37205.1,37205.1,37205.1
FRED,chinstrap penguin,43881.5,43881.5,43881.5,43881.5
FRPT,chinstrap penguin,53115.75,53115.75,53115.75,53115.75
FURS,chinstrap penguin,75733.75,75733.75,75733.75,75733.75
GALE,gentoo penguin,632.1,632.1,632.1,632.1
GALS,gentoo penguin,52.675,52.675,52.675,52.675
GAMP,chinstrap penguin,96.75,96.75,96.75,96.75
GAST,chinstrap penguin,241.875,241.875,241.875,241.875
GEDD,chinstrap penguin,5375.0,5375.0,5375.0,5375.0
GEOR,chinstrap penguin,246.17499999999998,246.17499999999998,246.17499999999998,246.17499999999998
GEOR,gentoo penguin,3035.7999999999997,3035.7999999999997,3035.7999999999997,3035.7999999999997
GERD,adelie penguin,977.4,977.4,977.4,977.4
GERD,chinstrap penguin,21.5,21.5,21.5,21.5
GERL,adelie penguin,153.9,153.9,153.9,153.9
GERL,chinstrap penguin,1075.0,1075.0,1075.0,1075.0
GERL,gentoo penguin,1099.725,1099.725,1099.725,1099.725
GIBA,chinstrap penguin,64.5,64.5,64.5,64.5
GING,adelie penguin,1202.4,1202.4,1202.4,1202.4
GLAN,gentoo penguin,155.875,155.875,155.875,155.875
GNEY,adelie penguin,11021.4,11021.4,11021.4,11021.4
GOLF,chinstrap penguin,419.25,419.25,419.25,419.25
GOPT,adelie penguin,3533.4,3533.4,3533.4,3533.4
GOPT,chinstrap penguin,14098.625,14098.625,14098.625,14098.625
GOSL,chinstrap penguin,10496.3,10496.3,10496.3,10496.3
GOSL,gentoo penguin,939.55,939.55,939.55,939.55
GOUR,adelie penguin,14700.6,14700.6,14700.6,14700.6
GOUR,chinstrap penguin,0.0,0.0,0.0,0.0
GOUR,gentoo penguin,610.6,610.6,610.6,610.6
GOWC,chinstrap penguin,1075.0,1075.0,1075.0,1075.0
GRAP,adelie penguin,14670.0,14670.0,14670.0,14670.0
GRAP,chinstrap penguin,0.0,0.0,0.0,0.0
GREE,chinstrap penguin,12421.625,12421.625,12421.625,12421.625
GREE,gentoo penguin,64.5,64.5,64.5,64.5
GREI,adelie penguin,0.0,0.0,0.0,0.0
GREI,chinstrap penguin,0.0,0.0,0.0,0.0
GREY,chinstrap penguin,2526.25,2526.25,2526.25,2526.25
GRIB,chinstrap penguin,301.0,301.0,301.0,301.0
GRIB,gentoo penguin,537.5,537.5,537.5,537.5
GRIN,chinstrap penguin,129.0,129.0,129.0,129.0
HALF,chinstrap penguin,1954.35,1954.35,1954.35,1954.35
HANN,adelie penguin,0.0,0.0,0.0,0.0
HANN,chinstrap penguin,694.4499999999999,694.4499999999999,694.4499999999999,694.4499999999999
HANN,gentoo penguin,2026.375,2026.375,2026.375,2026.375
HANS,adelie penguin,5382.0,5382.0,5382.0,5382.0
HANS,chinstrap penguin,14384.574999999999,14384.574999999999,14384.574999999999,14384.574999999999
HARM,chinstrap penguin,96411.375,96411.375,96411.375,96411.375
HARM,gentoo penguin,3598.0249999999996,3598.0249999999996,3598.0249999999996,3598.0249999999996
HASW,adelie penguin,3609.9,3609.9,3609.9,3609.9
HBAY,adelie penguin,18929.7,18929.7,18929.7,18929.7
HENN,chinstrap penguin,0.0,0.0,0.0,0.0
HENR,adelie penguin,52.2,52.2,52.2,52.2
HERO,adelie penguin,249244.2,249244.2,249244.2,249244.2
HERO,gentoo penguin,231.125,231.125,231.125,231.125
HEYW,chinstrap penguin,24725.0,24725.0,24725.0,24725.0
HINO,adelie penguin,324.0,324.0,324.0,324.0
HOLD,adelie penguin,391.5,391.5,391.5,391.5
HOLL,adelie penguin,27462.600000000002,27462.600000000002,27462.600000000002,27462.600000000002
HOPE,adelie penguin,111465.0,111465.0,111465.0,111465.0
HOPE,gentoo penguin,0.0,0.0,0.0,0.0
HPSW,chinstrap penguin,1414.7,1414.7,1414.7,1414.7
HUMB,adelie penguin,528.3000000000001,528.3000000000001,528.3000000000001,528.3000000000001
HUMB,chinstrap penguin,1.075,1.075,1.075,1.075
HUMM,chinstrap penguin,3225.0,3225.0,3225.0,3225.0
HUMP,gentoo penguin,61.275,61.275,61.275,61.275
HUNT,chinstrap penguin,430.0,430.0,430.0,430.0
HURE,gentoo penguin,107.5,107.5,107.5,107.5
HURW,gentoo penguin,0.0,0.0,0.0,0.0
HUTB,chinstrap penguin,11620.75,11620.75,11620.75,11620.75
HUTB,gentoo penguin,129.0,129.0,129.0,129.0
HYDR,chinstrap penguin,752.5,752.5,752.5,752.5
IFOI,adelie penguin,755.1,755.1,755.1,755.1
INAC,chinstrap penguin,1075.0,1075.0,1075.0,1075.0
INEX,adelie penguin,32505.3,32505.3,32505.3,32505.3
INTE,chinstrap penguin,537.5,537.5,537.5,537.5
IOLB,chinstrap penguin,13577.25,13577.25,13577.25,13577.25
JACO,chinstrap penguin,6450.0,6450.0,6450.0,6450.0
JACP,chinstrap penguin,15.049999999999999,15.049999999999999,15.049999999999999,15.049999999999999
JADE,gentoo penguin,1.075,1.075,1.075,1.075
JANE,adelie penguin,1709.1000000000001,1709.1000000000001,1709.1000000000001,1709.1000000000001
JAQU,chinstrap penguin,37.625,37.625,37.625,37.625
JING,adelie penguin,532.8000000000001,532.8000000000001,532.8000000000001,532.8000000000001
JING,chinstrap penguin,2.15,2.15,2.15,2.15
JOHN,gentoo penguin,70.95,70.95,70.95,70.95
JONA,gentoo penguin,129.0,129.0,129.0,129.0
JONE,adelie penguin,36.9,36.9,36.9,36.9
JORG,chinstrap penguin,4012.975,4012.975,4012.975,4012.975
JOUB,adelie penguin,1125.9,1125.9,1125.9,1125.9
JOUB,chinstrap penguin,24.724999999999998,24.724999999999998,24.724999999999998,24.724999999999998
JOUB,gentoo penguin,111.8,111.8,111.8,111.8
JOUG,gentoo penguin,1359.875,1359.875,1359.875,1359.875
JUAN,chinstrap penguin,0.0,0.0,0.0,0.0
JULE,adelie penguin,50759.1,50759.1,50759.1,50759.1
KATE,chinstrap penguin,5.375,5.375,5.375,5.375
KAYR,chinstrap penguin,0.0,0.0,0.0,0.0
KELL,chinstrap penguin,28906.75,28906.75,28906.75,28906.75
KETL,chinstrap penguin,268.75,268.75,268.75,268.75
KETL,gentoo penguin,215.0,215.0,215.0,215.0
KIDS,adelie penguin,1200.6000000000001,1200.6000000000001,1200.6000000000001,1200.6000000000001
KING,adelie penguin,25.2,25.2,25.2,25.2
KIRB,adelie penguin,3892.5,3892.5,3892.5,3892.5
KIRT,adelie penguin,11659.5,11659.5,11659.5,11659.5
KJEL,chinstrap penguin,5.375,5.375,5.375,5.375
KNOB,adelie penguin,90.0,90.0,90.0,90.0
KNOB,gentoo penguin,860.0,860.0,860.0,860.0
KUNO,adelie penguin,211.5,211.5,211.5,211.5
KUZI,adelie penguin,0.0,0.0,0.0,0.0
LAJA,chinstrap penguin,860.0,860.0,860.0,860.0
LAKT,adelie penguin,34.2,34.2,34.2,34.2
LARS,chinstrap penguin,10750.0,10750.0,10750.0,10750.0
LAUF,adelie penguin,0.0,0.0,0.0,0.0
LAUT,gentoo penguin,221.45,221.45,221.45,221.45
LAVO,adelie penguin,15.3,15.3,15.3,15.3
LEGU,gentoo penguin,6.449999999999999,6.449999999999999,6.449999999999999,6.449999999999999
LEPP,chinstrap penguin,247.25,247.25,247.25,247.25
LEWI,adelie penguin,1547.1000000000001,1547.1000000000001,1547.1000000000001,1547.1000000000001
LION,adelie penguin,3375.9,3375.9,3375.9,3375.9
LION,chinstrap penguin,34.4,34.4,34.4,34.4
LION,gentoo penguin,3229.2999999999997,3229.2999999999997,3229.2999999999997,3229.2999999999997
LITC,adelie penguin,0.0,0.0,0.0,0.0
LITW,chinstrap penguin,9137.5,9137.5,9137.5,9137.5
LLAN,adelie penguin,2921.4,2921.4,2921.4,2921.4
LLAN,chinstrap penguin,2.15,2.15,2.15,2.15
LLAN,gentoo penguin,6582.224999999999,6582.224999999999,6582.224999999999,6582.224999999999
LLOY,chinstrap penguin,107.5,107.5,107.5,107.5
LOBO,chinstrap penguin,10.75,10.75,10.75,10.75
LOCK,gentoo penguin,555.775,555.775,555.775,555.775
LONG,adelie penguin,2926.8,2926.8,2926.8,2926.8
LOOK,chinstrap penguin,2330.6,2330.6,2330.6,2330.6
LOOK,gentoo penguin,255.85,255.85,255.85,255.85
LOUB,gentoo penguin,611.675,611.675,611.675,611.675
LOVI,adelie penguin,1386.0,1386.0,1386.0,1386.0
LSAY,adelie penguin,72633.6,72633.6,72633.6,72633.6
MABE,chinstrap penguin,430.0,430.0,430.0,430.0
MACK,adelie penguin,72324.0,72324.0,72324.0,72324.0
MACO,chinstrap penguin,4085.0,4085.0,4085.0,4085.0
MADD,adelie penguin,30619.8,30619.8,30619.8,30619.8
MADD,gentoo penguin,326.8,326.8,326.8,326.8
MADI,adelie penguin,1134.9,1134.9,1134.9,1134.9
MADI,gentoo penguin,311.75,311.75,311.75,311.75
MAHE,adelie penguin,9099.9,9099.9,9099.9,9099.9
MALL,adelie penguin,783.0,783.0,783.0,783.0
MAND,adelie penguin,22609.8,22609.8,22609.8,22609.8
MANS,chinstrap penguin,21.5,21.5,21.5,21.5
MARR,chinstrap penguin,12040.0,12040.0,12040.0,12040.0
MART,adelie penguin,23805.0,23805.0,23805.0,23805.0
MART,chinstrap penguin,10750.0,10750.0,10750.0,10750.0
MART,gentoo penguin,0.0,0.0,0.0,0.0
MATH,chinstrap penguin,15856.25,15856.25,15856.25,15856.25
MAWS,adelie penguin,35721.9,35721.9,35721.9,35721.9
MBIS,adelie penguin,25682.4,25682.4,25682.4,25682.4
MCDO,adelie penguin,18.0,18.0,18.0,18.0
MEGA,chinstrap penguin,967.5,967.5,967.5,967.5
MEIE,chinstrap penguin,0.0,0.0,0.0,0.0
MERR,adelie penguin,267.3,267.3,267.3,267.3
METC,chinstrap penguin,5375.0,5375.0,5375.0,5375.0
METH,chinstrap penguin,2257.5,2257.5,2257.5,2257.5
MGLE,adelie penguin,1418.4,1418.4,1418.4,1418.4
MICH,chinstrap penguin,4150.575,4150.575,4150.575,4150.575
MIDA,chinstrap penguin,736.375,736.375,736.375,736.375
MIDG,adelie penguin,5679.900000000001,5679.900000000001,5679.900000000001,5679.900000000001
MIER,chinstrap penguin,2480.025,2480.025,2480.025,2480.025
MIKK,gentoo penguin,1356.6499999999999,1356.6499999999999,1356.6499999999999,1356.6499999999999
MLGE,chinstrap penguin,628.875,628.875,628.875,628.875
MONR,chinstrap penguin,0.0,0.0,0.0,0.0
MONU,chinstrap penguin,290.25,290.25,290.25,290.25
MOOT,gentoo penguin,497.72499999999997,497.72499999999997,497.72499999999997,497.72499999999997
MORE,chinstrap penguin,24725.0,24725.0,24725.0,24725.0
MOSS,chinstrap penguin,645.0,645.0,645.0,645.0
MPNC,chinstrap penguin,1290.0,1290.0,1290.0,1290.0
MPTE,chinstrap penguin,951.375,951.375,951.375,951.375
MPTW,chinstrap penguin,2631.6,2631.6,2631.6,2631.6
MRII,adelie penguin,1405.8,1405.8,1405.8,1405.8
MUCK,chinstrap penguin,3225.0,3225.0,3225.0,3225.0
MUCK,gentoo penguin,537.5,537.5,537.5,537.5
MURR,chinstrap penguin,1182.5,1182.5,1182.5,1182.5
MYAL,adelie penguin,617.4,617.4,617.4,617.4
NANC,chinstrap penguin,0.0,0.0,0.0,0.0
NCAP,adelie penguin,67.5,67.5,67.5,67.5
NCOI,chinstrap penguin,3225.0,3225.0,3225.0,3225.0
NEIS,adelie penguin,1184.4,1184.4,1184.4,1184.4
NEKO,gentoo penguin,1409.325,1409.325,1409.325,1409.325
NELL,adelie penguin,429.3,429.3,429.3,429.3
NEPT,chinstrap penguin,161.25,161.25,161.25,161.25
NFOR,chinstrap penguin,25032.45,25032.45,25032.45,25032.45
NIGG,chinstrap penguin,0.0,0.0,0.0,0.0
NOBL,gentoo penguin,25.799999999999997,25.799999999999997,25.799999999999997,25.799999999999997
NOKK,adelie penguin,30.6,30.6,30.6,30.6
NOPT,adelie penguin,12347.1,12347.1,12347.1,12347.1
NOPT,chinstrap penguin,7660.45,7660.45,7660.45,7660.45
NOPT,gentoo penguin,780.4499999999999,780.4499999999999,780.4499999999999,780.4499999999999
NORF,adelie penguin,12067.2,12067.2,12067.2,12067.2
NORW,chinstrap penguin,193.5,193.5,193.5,193.5
NUTT,adelie penguin,1270.8,1270.8,1270.8,1270.8
OBRI,chinstrap penguin,23005.0,23005.0,23005.0,23005.0
ODBE,adelie penguin,8322.300000000001,8322.300000000001,8322.300000000001,8322.300000000001
OLIC,chinstrap penguin,153.725,153.725,153.725,153.725
OMGA,adelie penguin,0.0,0.0,0.0,0.0
ONEI,gentoo penguin,367.65,367.65,367.65,367.65
ORNE,chinstrap penguin,314.97499999999997,314.97499999999997,314.97499999999997,314.97499999999997
ORNE,gentoo penguin,176.29999999999998,176.29999999999998,176.29999999999998,176.29999999999998
ORRO,chinstrap penguin,1182.5,1182.5,1182.5,1182.5
OUTE,adelie penguin,139.5,139.5,139.5,139.5
OWEN,chinstrap penguin,23167.325,23167.325,23167.325,23167.325
PABE,gentoo penguin,3.2249999999999996,3.2249999999999996,3.2249999999999996,3.2249999999999996
PAGE,adelie penguin,198.0,198.0,198.0,198.0
PAGE,chinstrap penguin,1310.425,1310.425,1310.425,1310.425
PALA,chinstrap penguin,378.4,378.4,378.4,378.4
PAND,chinstrap penguin,2563.875,2563.875,2563.875,2563.875
PANT,adelie penguin,712.8000000000001,712.8000000000001,712.8000000000001,712.8000000000001
PANT,chinstrap penguin,5832.95,5832.95,5832.95,5832.95
PAPT,chinstrap penguin,1443.725,1443.725,1443.725,1443.725
PATE,adelie penguin,900.0,900.0,900.0,900.0
PATE,gentoo penguin,215.0,215.0,215.0,215.0
PAUL,adelie penguin,96556.5,96556.5,96556.5,96556.5
PCHA,adelie penguin,10.8,10.8,10.8,10.8
PCHA,chinstrap penguin,19.349999999999998,19.349999999999998,19.349999999999998,19.349999999999998
PCHA,gentoo penguin,1649.05,1649.05,1649.05,1649.05
PEIN,adelie penguin,2979.9,2979.9,2979.9,2979.9
PENG,adelie penguin,207.9,207.9,207.9,207.9
PENG,chinstrap penguin,1660.875,1660.875,1660.875,1660.875
PEPO,adelie penguin,14413.5,14413.5,14413.5,14413.5
PETE,adelie penguin,262.8,262.8,262.8,262.8
PETE,chinstrap penguin,0.0,0.0,0.0,0.0
PETE,gentoo penguin,3828.075,3828.075,3828.075,3828.075
PGEO,adelie penguin,37944.9,37944.9,37944.9,37944.9
PHIL,adelie penguin,10111.5,10111.5,10111.5,10111.5
PIGE,adelie penguin,58146.3,58146.3,58146.3,58146.3
PIIS,adelie penguin,1.8,1.8,1.8,1.8
PILL,chinstrap penguin,11147.75,11147.75,11147.75,11147.75
PING,chinstrap penguin,3410.975,3410.975,3410.975,3410.975
PIRI,chinstrap penguin,18199.75,18199.75,18199.75,18199.75
PISL,adelie penguin,27403.2,27403.2,27403.2,27403.2
PKUP,chinstrap penguin,322.5,322.5,322.5,322.5
PLAT,adelie penguin,25111.8,25111.8,25111.8,25111.8
PLDR,chinstrap penguin,5643.75,5643.75,5643.75,5643.75
PLEN,gentoo penguin,3489.45,3489.45,3489.45,3489.45
PMAR,adelie penguin,34194.6,34194.6,34194.6,34194.6
POPO,chinstrap penguin,60050.575,60050.575,60050.575,60050.575
PORT,chinstrap penguin,0.0,0.0,0.0,0.0
POSS,adelie penguin,159387.30000000002,159387.30000000002,159387.30000000002,159387.30000000002
POWE,chinstrap penguin,8795.65,8795.65,8795.65,8795.65
POWE,gentoo penguin,2793.9249999999997,2793.9249999999997,2793.9249999999997,2793.9249999999997
PPPT,adelie penguin,1629.9,1629.9,1629.9,1629.9
PPPT,chinstrap penguin,62887.5,62887.5,62887.5,62887.5
PRAE,chinstrap penguin,430.0,430.0,430.0,430.0
PRES,chinstrap penguin,0.0,0.0,0.0,0.0
PRIN,gentoo penguin,609.525,609.525,609.525,609.525
PROC,adelie penguin,8349.300000000001,8349.300000000001,8349.300000000001,8349.300000000001
PTHO,adelie penguin,135.0,135.0,135.0,135.0
PTHO,chinstrap penguin,1.075,1.075,1.075,1.075
PTHO,gentoo penguin,53.75,53.75,53.75,53.75
PTWD,chinstrap penguin,12513.0,12513.0,12513.0,12513.0
PTWD,gentoo penguin,1075.0,1075.0,1075.0,1075.0
PURD,chinstrap penguin,5375.0,5375.0,5375.0,5375.0
PYPT,gentoo penguin,2531.625,2531.625,2531.625,2531.625
PYRI,chinstrap penguin,393.45,393.45,393.45,393.45
QPTN,gentoo penguin,45.15,45.15,45.15,45.15
RAUE,adelie penguin,103530.6,103530.6,103530.6,103530.6
RAYN,chinstrap penguin,9675.0,9675.0,9675.0,9675.0
RBSN,adelie penguin,548.1,548.1,548.1,548.1
REDI,adelie penguin,901.8000000000001,901.8000000000001,901.8000000000001,901.8000000000001
RENI,chinstrap penguin,251.54999999999998,251.54999999999998,251.54999999999998,251.54999999999998
RETU,chinstrap penguin,16770.0,16770.0,16770.0,16770.0
RHYO,adelie penguin,32.4,32.4,32.4,32.4
RIDL,chinstrap penguin,4337.625,4337.625,4337.625,4337.625
RIPP,gentoo penguin,10750.0,10750.0,10750.0,10750.0
ROBE,chinstrap penguin,2988.5,2988.5,2988.5,2988.5
ROBE,gentoo penguin,984.6999999999999,984.6999999999999,984.6999999999999,984.6999999999999
ROCA,chinstrap penguin,4515.0,4515.0,4515.0,4515.0
RONE,gentoo penguin,173.075,173.075,173.075,173.075
RONW,adelie penguin,99.9,99.9,99.9,99.9
ROOK,adelie penguin,39590.1,39590.1,39590.1,39590.1
ROQU,chinstrap penguin,860.0,860.0,860.0,860.0
ROSE,adelie penguin,720.0,720.0,720.0,720.0
ROYD,adelie penguin,2649.6,2649.6,2649.6,2649.6
RRRI,adelie penguin,3198.6,3198.6,3198.6,3198.6
RUDM,chinstrap penguin,4515.0,4515.0,4515.0,4515.0
RUGG,chinstrap penguin,1546.925,1546.925,1546.925,1546.925
RZEP,chinstrap penguin,6912.25,6912.25,6912.25,6912.25
SABR,adelie penguin,4359.6,4359.6,4359.6,4359.6
SABR,chinstrap penguin,25.799999999999997,25.799999999999997,25.799999999999997,25.799999999999997
SANE,gentoo penguin,263.375,263.375,263.375,263.375
SAPT,chinstrap penguin,11018.75,11018.75,11018.75,11018.75
SART,chinstrap penguin,215.0,215.0,215.0,215.0
SAXU,adelie penguin,135.0,135.0,135.0,135.0
SAXU,gentoo penguin,580.5,580.5,580.5,580.5
SCUL,adelie penguin,49049.1,49049.1,49049.1,49049.1
SEFB,adelie penguin,8.1,8.1,8.1,8.1
SEGI,chinstrap penguin,2150.0,2150.0,2150.0,2150.0
SELV,chinstrap penguin,117.175,117.175,117.175,117.175
SELV,gentoo penguin,507.4,507.4,507.4,507.4
SENT,adelie penguin,309.6,309.6,309.6,309.6
SEPR,adelie penguin,801.0,801.0,801.0,801.0
SERA,chinstrap penguin,8062.5,8062.5,8062.5,8062.5
SEWE,adelie penguin,9.9,9.9,9.9,9.9
SGUE,chinstrap penguin,0.0,0.0,0.0,0.0
SHEE,adelie penguin,6828.3,6828.3,6828.3,6828.3
SHEI,adelie penguin,26040.600000000002,26040.600000000002,26040.600000000002,26040.600000000002
SHEN,adelie penguin,1370.7,1370.7,1370.7,1370.7
SHEP,adelie penguin,2863.8,2863.8,2863.8,2863.8
SHIL,chinstrap penguin,4300.0,4300.0,4300.0,4300.0
SHIN,adelie penguin,2736.9,2736.9,2736.9,2736.9
SHIR,chinstrap penguin,4436.525,4436.525,4436.525,4436.525
SHIR,gentoo penguin,896.55,896.55,896.55,896.55
SHIS,chinstrap penguin,385.925,385.925,385.925,385.925
SHLY,adelie penguin,12292.2,12292.2,12292.2,12292.2
SIMS,adelie penguin,13305.6,13305.6,13305.6,13305.6
SKIL,chinstrap penguin,6987.5,6987.5,6987.5,6987.5
SKOT,gentoo penguin,398.825,398.825,398.825,398.825
SMAL,chinstrap penguin,1075.0,1075.0,1075.0,1075.0
SMAT,chinstrap penguin,12362.5,12362.5,12362.5,12362.5
SMIG,adelie penguin,407.7,407.7,407.7,407.7
SMIG,chinstrap penguin,2.15,2.15,2.15,2.15
SOMI,adelie penguin,429.3,429.3,429.3,429.3
SPBL,chinstrap penguin,233.27499999999998,233.27499999999998,233.27499999999998,233.27499999999998
SPER,chinstrap penguin,0.0,0.0,0.0,0.0
SPIG,chinstrap penguin,520.3,520.3,520.3,520.3
SPIN,chinstrap penguin,134375.0,134375.0,134375.0,134375.0
SPIP,chinstrap penguin,116.1,116.1,116.1,116.1
SPIP,gentoo penguin,1.075,1.075,1.075,1.075
SPLI,chinstrap penguin,32.25,32.25,32.25,32.25
SPNW,chinstrap penguin,5753.4,5753.4,5753.4,5753.4
SPRI,chinstrap penguin,118.25,118.25,118.25,118.25
SPRO,adelie penguin,930.6,930.6,930.6,930.6
SPRO,chinstrap penguin,137.6,137.6,137.6,137.6
SPTR,chinstrap penguin,121.475,121.475,121.475,121.475
SPTR,gentoo penguin,0.0,0.0,0.0,0.0
SPUI,chinstrap penguin,1021.25,1021.25,1021.25,1021.25
STAC,gentoo penguin,4.3,4.3,4.3,4.3
STEE,chinstrap penguin,21.5,21.5,21.5,21.5
STEI,adelie penguin,390.6,390.6,390.6,390.6
STEN,adelie penguin,0.0,0.0,0.0,0.0
STEN,chinstrap penguin,1075.0,1075.0,1075.0,1075.0
STER,chinstrap penguin,35.475,35.475,35.475,35.475
STER,gentoo penguin,3552.875,3552.875,3552.875,3552.875
STIG,chinstrap penguin,10382.35,10382.35,10382.35,10382.35
STOK,chinstrap penguin,0.0,0.0,0.0,0.0
STRA,adelie penguin,902.7,902.7,902.7,902.7
STRA,chinstrap penguin,284.875,284.875,284.875,284.875
STRA,gentoo penguin,2499.375,2499.375,2499.375,2499.375
STUR,adelie penguin,9.0,9.0,9.0,9.0
SVEN,adelie penguin,40113.9,40113.9,40113.9,40113.9
SVIS,adelie penguin,16258.5,16258.5,16258.5,16258.5
SWIS,adelie penguin,723.6,723.6,723.6,723.6
TART,chinstrap penguin,22031.05,22031.05,22031.05,22031.05
TAYH,adelie penguin,3740.4,3740.4,3740.4,3740.4
TAYL,chinstrap penguin,0.0,0.0,0.0,0.0
TENM,adelie penguin,77.4,77.4,77.4,77.4
TETR,chinstrap penguin,277.34999999999997,277.34999999999997,277.34999999999997,277.34999999999997
THOR,adelie penguin,825.3000000000001,825.3000000000001,825.3000000000001,825.3000000000001
THUN,chinstrap penguin,21500.0,21500.0,21500.0,21500.0
TIEA,chinstrap penguin,2.15,2.15,2.15,2.15
TINW,chinstrap penguin,720.25,720.25,720.25,720.25
TISW,chinstrap penguin,1720.0,1720.0,1720.0,1720.0
TIWE,chinstrap penguin,752.5,752.5,752.5,752.5
TORG,adelie penguin,7675.2,7675.2,7675.2,7675.2
TORG,chinstrap penguin,0.0,0.0,0.0,0.0
TOWW,chinstrap penguin,1612.5,1612.5,1612.5,1612.5
TRIA,gentoo penguin,48.375,48.375,48.375,48.375
TROW,chinstrap penguin,6781.099999999999,6781.099999999999,6781.099999999999,6781.099999999999
TRUA,gentoo penguin,990.0749999999999,990.0749999999999,990.0749999999999,990.0749999999999
TRUN,adelie penguin,312.3,312.3,312.3,312.3
TRUN,chinstrap penguin,1.075,1.075,1.075,1.075
TRYN,adelie penguin,12410.1,12410.1,12410.1,12410.1
TSIS,adelie penguin,394.2,394.2,394.2,394.2
TTOE,chinstrap penguin,16125.0,16125.0,16125.0,16125.0
TTUR,chinstrap penguin,4461.25,4461.25,4461.25,4461.25
TUPI,chinstrap penguin,16125.0,16125.0,16125.0,16125.0
TURR,adelie penguin,91.8,91.8,91.8,91.8
TURR,chinstrap penguin,23.65,23.65,23.65,23.65
TUXE,gentoo penguin,202.1,202.1,202.1,202.1
TWIN,chinstrap penguin,107.5,107.5,107.5,107.5
TXRX,gentoo penguin,20.425,20.425,20.425,20.425
UCHA,chinstrap penguin,800.875,800.875,800.875,800.875
UFSI,adelie penguin,1747.8,1747.8,1747.8,1747.8
UIP1,adelie penguin,0.0,0.0,0.0,0.0
UIP2,adelie penguin,36.0,36.0,36.0,36.0
UIP3,adelie penguin,110.7,110.7,110.7,110.7
UIPN,adelie penguin,6203.7,6203.7,6203.7,6203.7
UNGE,adelie penguin,274.5,274.5,274.5,274.5
UNN2,adelie penguin,0.0,0.0,0.0,0.0
UNN7,adelie penguin,5102.1,5102.1,5102.1,5102.1
USEF,chinstrap penguin,188.125,188.125,188.125,188.125
USEF,gentoo penguin,1573.8,1573.8,1573.8,1573.8
VAIS,chinstrap penguin,4300.0,4300.0,4300.0,4300.0
VALE,chinstrap penguin,1182.5,1182.5,1182.5,1182.5
VAPO,chinstrap penguin,20615.274999999998,20615.274999999998,20615.274999999998,20615.274999999998
VERN,gentoo penguin,221.45,221.45,221.45,221.45
VESN,adelie penguin,40947.3,40947.3,40947.3,40947.3
VESS,adelie penguin,91167.3,91167.3,91167.3,91167.3
VIEU,adelie penguin,324.0,324.0,324.0,324.0
VORT,adelie penguin,2398.5,2398.5,2398.5,2398.5
WAIT,adelie penguin,491.40000000000003,491.40000000000003,491.40000000000003,491.40000000000003
WALK,chinstrap penguin,559.0,559.0,559.0,559.0
WATE,chinstrap penguin,3.2249999999999996,3.2249999999999996,3.2249999999999996,3.2249999999999996
WATE,gentoo penguin,3351.85,3351.85,3351.85,3351.85
WATT,adelie penguin,2517.3,2517.3,2517.3,2517.3
WAYA,adelie penguin,5397.3,5397.3,5397.3,5397.3
WEDD,adelie penguin,25656.3,25656.3,25656.3,25656.3
WEDD,gentoo penguin,404.2,404.2,404.2,404.2
WELC,chinstrap penguin,365.5,365.5,365.5,365.5
WELL,adelie penguin,3.6,3.6,3.6,3.6
WHEA,adelie penguin,1833.3,1833.3,1833.3,1833.3
WHTY,adelie penguin,9738.9,9738.9,9738.9,9738.9
WIDE,adelie penguin,90.0,90.0,90.0,90.0
WIDE,chinstrap penguin,0.0,0.0,0.0,0.0
WILD,chinstrap penguin,10750.0,10750.0,10750.0,10750.0
WILD,gentoo penguin,21.5,21.5,21.5,21.5
WINK,adelie penguin,28.8,28.8,28.8,28.8
WINK,chinstrap penguin,1.075,1.075,1.075,1.075
WITH,chinstrap penguin,0.0,0.0,0.0,0.0
WOOD,adelie penguin,2062.8,2062.8,2062.8,2062.8
WOPT,adelie penguin,9432.9,9432.9,9432.9,9432.9
WORL,chinstrap penguin,232.2,232.2,232.2,232.2
WPEC,adelie penguin,4187.7,4187.7,4187.7,4187.7
WPEC,chinstrap penguin,12093.75,12093.75,12093.75,12093.75
WPEC,gentoo penguin,10.75,10.75,10.75,10.75
WPWC,chinstrap penguin,2956.25,2956.25,2956.25,2956.25
WSAD,chinstrap penguin,1075.0,1075.0,1075.0,1075.0
WYAT,adelie penguin,925.2,925.2,925.2,925.2
YALO,adelie penguin,2637.0,2637.0,2637.0,2637.0
YALO,gentoo penguin,26.875,26.875,26.875,26.875
YANK,gentoo penguin,5911.425,5911.425,5911.425,5911.425
YOUN,adelie penguin,0.0,0.0,0.0,0.0
ZAWA,chinstrap penguin,483.75,483.75,483.75,483.75
ZIGZ,chinstrap penguin,1075.0,1075.0,1075.0,1075.0
